x;cos;tanh;sqrt;color
1;0.5403023058681398;0.7615941559557649;1;RGB(0.002,0.002,0.002)
2;-0.4161468365471424;0.964027580075817;1.4142135623730951;RGB(0.004,0.004,0.004)
3;-0.9899924966004454;0.9950547536867306;1.7320508075688772;RGB(0.006,0.006,0.006)
4;-0.6536436208636119;0.9993292997390669;2;RGB(0.008,0.008,0.008)
5;0.28366218546322625;0.999909204262595;2.23606797749979;RGB(0.01,0.01,0.01)
6;0.9601702866503661;0.9999877116507956;2.449489742783178;RGB(0.012,0.012,0.012)
7;0.7539022543433046;0.9999983369439447;2.6457513110645907;RGB(0.014,0.014,0.014)
8;-0.14550003380861354;0.999999774929676;2.8284271247461903;RGB(0.016,0.016,0.016)
9;-0.911130261884677;0.9999999695400409;3;RGB(0.018,0.018,0.018)
10;-0.8390715290764524;0.9999999958776926;3.1622776601683795;RGB(0.02,0.02,0.02)
11;0.004425697988050785;0.9999999994421065;3.3166247903554;RGB(0.022,0.022,0.022)
12;0.843853958732492;0.9999999999244972;3.4641016151377544;RGB(0.024,0.024,0.024)
13;0.9074467814501962;0.9999999999897818;3.605551275463989;RGB(0.026,0.026,0.026)
14;0.1367372182078336;0.9999999999986172;3.7416573867739413;RGB(0.028,0.028,0.028)
15;-0.7596879128588213;0.9999999999998128;3.872983346207417;RGB(0.03,0.03,0.03)
16;-0.9576594803233847;0.9999999999999748;4;RGB(0.032,0.032,0.032)
17;-0.27516333805159693;0.9999999999999966;4.123105625617661;RGB(0.034,0.034,0.034)
18;0.6603167082440802;0.9999999999999996;4.242640687119285;RGB(0.036,0.036,0.036)
19;0.9887046181866692;1;4.358898943540674;RGB(0.038,0.038,0.038)
20;0.40808206181339196;1;4.47213595499958;RGB(0.04,0.04,0.04)
21;-0.5477292602242684;1;4.58257569495584;RGB(0.042,0.042,0.042)
22;-0.9999608263946371;1;4.69041575982343;RGB(0.044,0.044,0.044)
23;-0.5328330203333975;1;4.795831523312719;RGB(0.046,0.046,0.046)
24;0.424179007336997;1;4.898979485566356;RGB(0.048,0.048,0.048)
25;0.9912028118634736;1;5;RGB(0.05,0.05,0.05)
26;0.6469193223286404;1;5.0990195135927845;RGB(0.052,0.052,0.052)
27;-0.2921388087338362;1;5.196152422706632;RGB(0.054,0.054,0.054)
28;-0.9626058663135666;1;5.291502622129181;RGB(0.056,0.056,0.056)
29;-0.7480575296890004;1;5.385164807134504;RGB(0.058,0.058,0.058)
30;0.15425144988758405;1;5.477225575051661;RGB(0.06,0.06,0.06)
31;0.9147423578045313;1;5.5677643628300215;RGB(0.062,0.062,0.062)
32;0.8342233605065102;1;5.656854249492381;RGB(0.064,0.064,0.064)
33;-0.013276747223059479;1;5.744562646538029;RGB(0.066,0.066,0.066)
34;-0.8485702747846051;1;5.830951894845301;RGB(0.068,0.068,0.068)
35;-0.9036922050915067;1;5.916079783099616;RGB(0.07,0.07,0.07)
36;-0.12796368962740468;1;6;RGB(0.072,0.072,0.072)
37;0.7654140519453434;1;6.082762530298219;RGB(0.074,0.074,0.074)
38;0.9550736440472949;1;6.164414002968976;RGB(0.076,0.076,0.076)
39;0.26664293235993725;1;6.244997998398398;RGB(0.078,0.078,0.078)
40;-0.6669380616522619;1;6.324555320336759;RGB(0.08,0.08,0.08)
41;-0.9873392775238264;1;6.4031242374328485;RGB(0.082,0.082,0.082)
42;-0.39998531498835127;1;6.48074069840786;RGB(0.084,0.084,0.084)
43;0.5551133015206257;1;6.557438524302;RGB(0.086,0.086,0.086)
44;0.9998433086476912;1;6.6332495807108;RGB(0.088,0.088,0.088)
45;0.5253219888177297;1;6.708203932499369;RGB(0.09,0.09,0.09)
46;-0.4321779448847783;1;6.782329983125268;RGB(0.092,0.092,0.092)
47;-0.9923354691509287;1;6.855654600401044;RGB(0.094,0.094,0.094)
48;-0.6401443394691997;1;6.928203230275509;RGB(0.096,0.096,0.096)
49;0.3005925437436371;1;7;RGB(0.098,0.098,0.098)
50;0.9649660284921133;1;7.0710678118654755;RGB(0.1,0.1,0.1)
51;0.7421541968137826;1;7.14142842854285;RGB(0.102,0.102,0.102)
52;-0.16299078079570548;1;7.211102550927978;RGB(0.104,0.104,0.104)
53;-0.9182827862121189;1;7.280109889280518;RGB(0.106,0.106,0.106)
54;-0.8293098328631502;1;7.3484692283495345;RGB(0.108,0.108,0.108)
55;0.022126756261955736;1;7.416198487095663;RGB(0.11,0.11,0.11)
56;0.853220107722584;1;7.483314773547883;RGB(0.112,0.112,0.112)
57;0.8998668269691938;1;7.54983443527075;RGB(0.114,0.114,0.114)
58;0.11918013544881928;1;7.615773105863909;RGB(0.116,0.116,0.116)
59;-0.7710802229758452;1;7.681145747868608;RGB(0.118,0.118,0.118)
60;-0.9524129804151563;1;7.745966692414834;RGB(0.12,0.12,0.12)
61;-0.25810163593826746;1;7.810249675906654;RGB(0.122,0.122,0.122)
62;0.6735071623235862;1;7.874007874011811;RGB(0.124,0.124,0.124)
63;0.9858965815825497;1;7.937253933193772;RGB(0.126,0.126,0.126)
64;0.39185723042955;1;8;RGB(0.128,0.128,0.128)
65;-0.562453851238172;1;8.06225774829855;RGB(0.13,0.13,0.13)
66;-0.99964745596635;1;8.12403840463596;RGB(0.132,0.132,0.132)
67;-0.5177697997895051;1;8.18535277187245;RGB(0.134,0.134,0.134)
68;0.4401430224960407;1;8.246211251235321;RGB(0.136,0.136,0.136)
69;0.9933903797222716;1;8.306623862918075;RGB(0.138,0.138,0.138)
70;0.6333192030862999;1;8.366600265340756;RGB(0.14,0.14,0.14)
71;-0.3090227281660707;1;8.426149773176359;RGB(0.142,0.142,0.142)
72;-0.9672505882738824;1;8.48528137423857;RGB(0.144,0.144,0.144)
73;-0.7361927182273159;1;8.54400374531753;RGB(0.146,0.146,0.146)
74;0.17171734183077755;1;8.602325267042627;RGB(0.148,0.148,0.148)
75;0.9217512697247493;1;8.660254037844387;RGB(0.15,0.15,0.15)
76;0.8243313311075577;1;8.717797887081348;RGB(0.152,0.152,0.152)
77;-0.03097503173121646;1;8.774964387392123;RGB(0.154,0.154,0.154)
78;-0.8578030932449878;1;8.831760866327848;RGB(0.156,0.156,0.156)
79;-0.8959709467909631;1;8.888194417315589;RGB(0.158,0.158,0.158)
80;-0.11038724383904756;1;8.94427190999916;RGB(0.16,0.16,0.16)
81;0.7766859820216312;1;9;RGB(0.162,0.162,0.162)
82;0.9496776978825432;1;9.055385138137417;RGB(0.164,0.164,0.164)
83;0.24954011797333814;1;9.1104335791443;RGB(0.166,0.166,0.166)
84;-0.6800234955873388;1;9.16515138991168;RGB(0.168,0.168,0.168)
85;-0.9843766433940419;1;9.219544457292887;RGB(0.17,0.17,0.17)
86;-0.38369844494974187;1;9.273618495495704;RGB(0.172,0.172,0.172)
87;0.569750334265312;1;9.327379053088816;RGB(0.174,0.174,0.174)
88;0.9993732836951247;1;9.38083151964686;RGB(0.176,0.176,0.176)
89;0.5101770449416689;1;9.433981132056603;RGB(0.178,0.178,0.178)
90;-0.4480736161291702;1;9.486832980505138;RGB(0.18,0.18,0.18)
91;-0.9943674609282015;1;9.539392014169456;RGB(0.182,0.182,0.182)
92;-0.626444447910339;1;9.591663046625438;RGB(0.184,0.184,0.184)
93;0.31742870151970165;1;9.643650760992955;RGB(0.186,0.186,0.186)
94;0.9694593666699876;1;9.695359714832659;RGB(0.188,0.188,0.188)
95;0.7301735609948197;1;9.746794344808963;RGB(0.19,0.19,0.19)
96;-0.18043044929108396;1;9.797958971132712;RGB(0.192,0.192,0.192)
97;-0.9251475365964139;1;9.848857801796104;RGB(0.194,0.194,0.194)
98;-0.8192882452914593;1;9.899494936611665;RGB(0.196,0.196,0.196)
99;0.0398208803931389;1;9.9498743710662;RGB(0.198,0.198,0.198)
100;0.862318872287684;1;10;RGB(0.2,0.2,0.2)
101;0.8920048697881602;1;10.04987562112089;RGB(0.202,0.202,0.202)
102;0.10158570369662134;1;10.099504938362077;RGB(0.204,0.204,0.204)
103;-0.782230889887116;1;10.14889156509222;RGB(0.206,0.206,0.206)
104;-0.9468680107512125;1;10.198039027185569;RGB(0.208,0.208,0.208)
105;-0.24095904923620143;1;10.246950765959598;RGB(0.21,0.21,0.21)
106;0.6864865509069841;1;10.295630140987;RGB(0.212,0.212,0.212)
107;0.9827795820412206;1;10.344080432788601;RGB(0.214,0.214,0.214)
108;0.3755095977670121;1;10.392304845413264;RGB(0.216,0.216,0.216)
109;-0.577002178942952;1;10.44030650891055;RGB(0.218,0.218,0.218)
110;-0.999020813314648;1;10.488088481701515;RGB(0.22,0.22,0.22)
111;-0.5025443191453852;1;10.535653752852738;RGB(0.222,0.222,0.222)
112;0.4559691044442761;1;10.583005244258363;RGB(0.224,0.224,0.224)
113;0.9952666362171313;1;10.63014581273465;RGB(0.226,0.226,0.226)
114;0.6195206125592099;1;10.677078252031311;RGB(0.228,0.228,0.228)
115;-0.3258098052199642;1;10.723805294763608;RGB(0.23,0.23,0.23)
116;-0.9715921906288022;1;10.770329614269007;RGB(0.232,0.232,0.232)
117;-0.7240971967004737;1;10.816653826391969;RGB(0.234,0.234,0.234)
118;0.1891294205289584;1;10.862780491200215;RGB(0.236,0.236,0.236)
119;0.9284713207390763;1;10.908712114635714;RGB(0.238,0.238,0.238)
120;0.8141809705265618;1;10.954451150103322;RGB(0.24,0.24,0.24)
121;-0.04866360920015389;1;11;RGB(0.242,0.242,0.242)
122;-0.8667670910519801;1;11.045361017187261;RGB(0.244,0.244,0.244)
123;-0.8879689066918555;1;11.090536506409418;RGB(0.246,0.246,0.246)
124;-0.09277620459766088;1;11.135528725660043;RGB(0.248,0.248,0.248)
125;0.7877145121442345;1;11.180339887498949;RGB(0.25,0.25,0.25)
126;0.9439841391523142;1;11.224972160321824;RGB(0.252,0.252,0.252)
127;0.23235910202965793;1;11.269427669584644;RGB(0.254,0.254,0.254)
128;-0.6928958219201651;1;11.313708498984761;RGB(0.256,0.256,0.256)
129;-0.9811055226493881;1;11.357816691600547;RGB(0.258,0.258,0.258)
130;-0.3672913304546965;1;11.40175425099138;RGB(0.26,0.26,0.26)
131;0.5842088171092894;1;11.445523142259598;RGB(0.262,0.262,0.262)
132;0.9985900724399912;1;11.489125293076057;RGB(0.264,0.264,0.264)
133;0.4948722204034305;1;11.532562594670797;RGB(0.266,0.266,0.266)
134;-0.4638288688518717;1;11.575836902790225;RGB(0.268,0.268,0.268)
135;-0.9960878351411849;1;11.61895003862225;RGB(0.27,0.27,0.27)
136;-0.6125482394960996;1;11.661903789690601;RGB(0.272,0.272,0.272)
137;0.33416538263076073;1;11.704699910719626;RGB(0.274,0.274,0.274)
138;0.9736488930495181;1;11.74734012447073;RGB(0.276,0.276,0.276)
139;0.717964101410472;1;11.789826122551595;RGB(0.278,0.278,0.278)
140;-0.19781357400426822;1;11.832159566199232;RGB(0.28,0.28,0.28)
141;-0.93172236174352;1;11.874342087037917;RGB(0.282,0.282,0.282)
142;-0.8090099069535975;1;11.916375287812984;RGB(0.284,0.284,0.284)
143;0.05750252534912421;1;11.958260743101398;RGB(0.286,0.286,0.286)
144;0.8711474010323434;1;12;RGB(0.288,0.288,0.288)
145;0.8838633737085002;1;12.041594578792296;RGB(0.29,0.29,0.29)
146;0.08395943674184847;1;12.083045973594572;RGB(0.292,0.292,0.292)
147;-0.7931364191664784;1;12.12435565298214;RGB(0.294,0.294,0.294)
148;-0.9410263090291437;1;12.165525060596439;RGB(0.296,0.296,0.296)
149;-0.22374095013558368;1;12.206555615733702;RGB(0.298,0.298,0.298)
150;0.6992508064783751;1;12.24744871391589;RGB(0.3,0.3,0.3)
151;0.9793545963764285;1;12.288205727444508;RGB(0.302,0.302,0.302)
152;0.35904428689111606;1;12.328828005937952;RGB(0.304,0.304,0.304)
153;-0.5913696841443247;1;12.36931687685298;RGB(0.306,0.306,0.306)
154;-0.9980810948185003;1;12.409673645990857;RGB(0.308,0.308,0.308)
155;-0.48716134980334147;1;12.449899597988733;RGB(0.31,0.31,0.31)
156;0.47165229356133864;1;12.489995996796797;RGB(0.312,0.312,0.312)
157;0.9968309933617175;1;12.529964086141668;RGB(0.314,0.314,0.314)
158;0.6055278749869898;1;12.569805089976535;RGB(0.316,0.316,0.316)
159;-0.34249477911590703;1;12.609520212918492;RGB(0.318,0.318,0.318)
160;-0.9756293127952373;1;12.649110640673518;RGB(0.32,0.32,0.32)
161;-0.7117747556357236;1;12.68857754044952;RGB(0.322,0.322,0.322)
162;0.20648222933781113;1;12.727922061357855;RGB(0.324,0.324,0.324)
163;0.9349004048997503;1;12.767145334803704;RGB(0.326,0.326,0.326)
164;0.803775459710974;1;12.806248474865697;RGB(0.328,0.328,0.328)
165;-0.06633693633562374;1;12.84523257866513;RGB(0.33,0.33,0.33)
166;-0.875459459043705;1;12.884098726725126;RGB(0.332,0.332,0.332)
167;-0.8796885924951523;1;12.922847983320086;RGB(0.334,0.334,0.334)
168;-0.07513609089835323;1;12.96148139681572;RGB(0.336,0.336,0.336)
169;0.7984961861625555;1;13;RGB(0.338,0.338,0.338)
170;0.9379947521194415;1;13.038404810405298;RGB(0.34,0.34,0.34)
171;0.21510526876214117;1;13.076696830622021;RGB(0.342,0.342,0.342)
172;-0.7055510066862999;1;13.114877048604;RGB(0.344,0.344,0.344)
173;-0.9775269404025313;1;13.152946437965905;RGB(0.346,0.346,0.346)
174;-0.3507691132091307;1;13.19090595827292;RGB(0.348,0.348,0.348)
175;0.5984842190140996;1;13.228756555322953;RGB(0.35,0.35,0.35)
176;0.9974939203271522;1;13.2664991614216;RGB(0.352,0.352,0.352)
177;0.47941231147032193;1;13.30413469565007;RGB(0.354,0.354,0.354)
178;-0.4794387656291727;1;13.341664064126334;RGB(0.356,0.356,0.356)
179;-0.9974960526543551;1;13.379088160259652;RGB(0.358,0.358,0.358)
180;-0.5984600690578581;1;13.416407864998739;RGB(0.36,0.36,0.36)
181;0.3507973420904214;1;13.45362404707371;RGB(0.362,0.362,0.362)
182;0.9775332947055968;1;13.490737563232042;RGB(0.364,0.364,0.364)
183;0.7055296442942061;1;13.527749258468683;RGB(0.366,0.366,0.366)
184;-0.21513470736462095;1;13.564659966250536;RGB(0.368,0.368,0.368)
185;-0.9380052012169504;1;13.601470508735444;RGB(0.37,0.37,0.37)
186;-0.7984780389030323;1;13.638181696985855;RGB(0.372,0.372,0.372)
187;0.07516615000819327;1;13.674794331177344;RGB(0.374,0.374,0.374)
188;0.879702927248347;1;13.711309200802088;RGB(0.376,0.376,0.376)
189;0.8754448901342752;1;13.74772708486752;RGB(0.378,0.378,0.378)
190;0.06630685835171127;1;13.784048752090222;RGB(0.38,0.38,0.38)
191;-0.8037933932096717;1;13.820274961085254;RGB(0.382,0.382,0.382)
192;-0.9348897059372352;1;13.856406460551018;RGB(0.384,0.384,0.384)
193;-0.20645273449087873;1;13.892443989449804;RGB(0.386,0.386,0.386)
194;0.711795928940826;1;13.92838827718412;RGB(0.388,0.388,0.388)
195;0.9756226979194443;1;13.96424004376894;RGB(0.39,0.39,0.39)
196;0.3424664577455166;1;14;RGB(0.392,0.392,0.392)
197;-0.6055518643146514;1;14.035668847618199;RGB(0.394,0.394,0.394)
198;-0.9968285949694307;1;14.071247279470288;RGB(0.396,0.396,0.396)
199;-0.47162571251991114;1;14.106735979665885;RGB(0.398,0.398,0.398)
200;0.4871876750070059;1;14.142135623730951;RGB(0.4,0.4,0.4)
201;0.9980829609135574;1;14.177446878757825;RGB(0.402,0.402,0.402)
202;0.591345375451585;1;14.212670403551895;RGB(0.404,0.404,0.404)
203;-0.35907242107165305;1;14.247806848775006;RGB(0.406,0.406,0.406)
204;-0.9793606896089245;1;14.2828568570857;RGB(0.408,0.408,0.408)
205;-0.6992292566729736;1;14.317821063276353;RGB(0.41,0.41,0.41)
206;0.22377033018717848;1;14.352700094407323;RGB(0.412,0.412,0.412)
207;0.9410365074429887;1;14.38749456993816;RGB(0.414,0.414,0.414)
208;0.7931180595679168;1;14.422205101855956;RGB(0.416,0.416,0.416)
209;-0.08398947462256867;1;14.45683229480096;RGB(0.418,0.418,0.418)
210;-0.8838774731823718;1;14.491376746189438;RGB(0.42,0.42,0.42)
211;-0.8711325991081119;1;14.52583904633395;RGB(0.422,0.422,0.422)
212;-0.057472430847665464;1;14.560219778561036;RGB(0.424,0.424,0.424)
213;0.8090276252864301;1;14.594519519326424;RGB(0.426,0.426,0.426)
214;0.9317114137542325;1;14.628738838327793;RGB(0.428,0.428,0.428)
215;0.19778402522372224;1;14.66287829861518;RGB(0.43,0.43,0.43)
216;-0.7179850839697136;1;14.696938456699069;RGB(0.432,0.432,0.432)
217;-0.9736420181192547;1;14.730919862656235;RGB(0.434,0.434,0.434)
218;-0.33413697099017103;1;14.7648230602334;RGB(0.436,0.436,0.436)
219;0.6125720663156844;1;14.798648586948742;RGB(0.438,0.438,0.438)
220;0.9960851708717215;1;14.832396974191326;RGB(0.44,0.44,0.44)
221;0.4638021630104179;1;14.866068747318506;RGB(0.442,0.442,0.442)
222;-0.49489841458940237;1;14.89966442575134;RGB(0.444,0.444,0.444)
223;-0.9985916721566993;1;14.933184523068078;RGB(0.446,0.446,0.446)
224;-0.5841843515845697;1;14.966629547095765;RGB(0.448,0.448,0.448)
225;0.36731936773024515;1;15;RGB(0.45,0.45,0.45)
226;0.9811113543339269;1;15.033296378372908;RGB(0.452,0.452,0.452)
227;0.6928740863898232;1;15.066519173319364;RGB(0.454,0.454,0.454)
228;-0.23238842122852268;1;15.0996688705415;RGB(0.456,0.456,0.456)
229;-0.9439940860834779;1;15.132745950421556;RGB(0.458,0.458,0.458)
230;-0.787695941645058;1;15.165750888103101;RGB(0.46,0.46,0.46)
231;0.09280621889587708;1;15.198684153570664;RGB(0.462,0.462,0.462)
232;0.8879827697817493;1;15.231546211727817;RGB(0.464,0.464,0.464)
233;0.8667520572726362;1;15.264337522473747;RGB(0.466,0.466,0.466)
234;0.048633500538969116;1;15.297058540778355;RGB(0.468,0.468,0.468)
235;-0.8141984723053473;1;15.329709716755891;RGB(0.47,0.47,0.47)
236;-0.9284601245807608;1;15.362291495737216;RGB(0.472,0.472,0.472)
237;-0.18909982012986337;1;15.394804318340652;RGB(0.474,0.474,0.474)
238;0.7241179868699296;1;15.427248620541512;RGB(0.476,0.476,0.476)
239;0.9715850561826999;1;15.459624833740307;RGB(0.478,0.478,0.478)
240;0.32578130553514806;1;15.491933384829668;RGB(0.48,0.48,0.48)
241;-0.6195442750039529;1;15.524174696260024;RGB(0.482,0.482,0.482)
242;-0.9952637062792294;1;15.556349186104045;RGB(0.484,0.484,0.484)
243;-0.4559422758951242;1;15.588457268119896;RGB(0.486,0.486,0.486)
244;0.5025703802614231;1;15.620499351813308;RGB(0.488,0.488,0.488)
245;0.9990221465276736;1;15.652475842498529;RGB(0.49,0.49,0.49)
246;0.5769775585030581;1;15.684387141358123;RGB(0.492,0.492,0.492)
247;-0.3755375359409301;1;15.716233645501712;RGB(0.494,0.494,0.494)
248;-0.982785151720906;1;15.748015748023622;RGB(0.496,0.496,0.496)
249;-0.68646463135462;1;15.7797338380595;RGB(0.498,0.498,0.498)
250;0.24098830528525864;1;15.811388300841896;RGB(0.5,0.5,0.5)
251;0.9468777054203809;1;15.84297951775486;RGB(0.502,0.502,0.502)
252;0.7822121099422712;1;15.874507866387544;RGB(0.504,0.504,0.504)
253;-0.10161569206079699;1;15.905973720586866;RGB(0.506,0.506,0.506)
254;-0.892018495407942;1;15.937377450509228;RGB(0.508,0.508,0.508)
255;-0.8623036078310824;1;15.968719422671311;RGB(0.51,0.51,0.51)
256;-0.03979075993115771;1;16;RGB(0.512,0.512,0.512)
257;0.8193055291449822;1;16.0312195418814;RGB(0.514,0.514,0.514)
258;0.9251360931462582;1;16.06237840420901;RGB(0.516,0.516,0.516)
259;0.18040079959254857;1;16.09347693943108;RGB(0.518,0.518,0.518)
260;-0.7301941571456378;1;16.1245154965971;RGB(0.52,0.52,0.52)
261;-0.9694519732670104;1;16.15549442140351;RGB(0.522,0.522,0.522)
262;-0.31740011602352985;1;16.186414056238647;RGB(0.524,0.524,0.524)
263;0.6264679441263539;1;16.217274740226856;RGB(0.526,0.526,0.526)
264;0.9943642655514137;1;16.24807680927192;RGB(0.528,0.528,0.528)
265;0.44804666697426215;1;16.278820596099706;RGB(0.53,0.53,0.53)
266;-0.510202970945957;1;16.30950643030009;RGB(0.532,0.532,0.532)
267;-0.9993743503000143;1;16.34013463836819;RGB(0.534,0.534,0.534)
268;-0.5697255608391865;1;16.3707055437449;RGB(0.536,0.536,0.536)
269;0.3837262818331512;1;16.401219466856727;RGB(0.538,0.538,0.538)
270;0.9843819506325049;1;16.431676725154983;RGB(0.54,0.54,0.54)
271;0.6800013937302882;1;16.46207763315433;RGB(0.542,0.542,0.542)
272;-0.24956930858045798;1;16.492422502470642;RGB(0.544,0.544,0.544)
273;-0.9496871395301657;1;16.522711641858304;RGB(0.546,0.546,0.546)
274;-0.7766669941024745;1;16.55294535724685;RGB(0.548,0.548,0.548)
275;0.11041720391967796;1;16.583123951777;RGB(0.55,0.55,0.55)
276;0.8959843338731037;1;16.61324772583615;RGB(0.552,0.552,0.552)
277;0.8577875993070563;1;16.64331697709324;RGB(0.554,0.554,0.554)
278;0.030944901828293042;1;16.673332000533065;RGB(0.556,0.556,0.556)
279;-0.8243483956816764;1;16.703293088490067;RGB(0.558,0.558,0.558)
280;-0.9217395798793158;1;16.73320053068151;RGB(0.56,0.56,0.56)
281;-0.17168764515577298;1;16.76305461424021;RGB(0.562,0.562,0.562)
282;0.7362131187458456;1;16.792855623746664;RGB(0.564,0.564,0.564)
283;0.9672429364932829;1;16.822603841260722;RGB(0.566,0.566,0.566)
284;0.3089940590981371;1;16.852299546352718;RGB(0.568,0.568,0.568)
285;-0.6333425312327234;1;16.881943016134134;RGB(0.57,0.57,0.57)
286;-0.9933869191569467;1;16.911534525287763;RGB(0.572,0.572,0.572)
287;-0.4401159548467677;1;16.941074346097416;RGB(0.574,0.574,0.574)
288;0.5177955886508133;1;16.97056274847714;RGB(0.576,0.576,0.576)
289;0.9996482558795381;1;17;RGB(0.578,0.578,0.578)
290;0.5624289267667438;1;17.029386365926403;RGB(0.58,0.58,0.58)
291;-0.3918849638415085;1;17.05872210923198;RGB(0.582,0.582,0.582)
292;-0.9859016259639831;1;17.08800749063506;RGB(0.584,0.584,0.584)
293;-0.6734848798934681;1;17.11724276862369;RGB(0.586,0.586,0.586)
294;0.2581307588164473;1;17.146428199482248;RGB(0.588,0.588,0.588)
295;0.9524221683015062;1;17.175564037317667;RGB(0.59,0.59,0.59)
296;0.7710610285700272;1;17.204650534085253;RGB(0.592,0.592,0.592)
297;-0.11921006489861569;1;17.233687939614086;RGB(0.594,0.594,0.594)
298;-0.8998799744648526;1;17.26267650163207;RGB(0.596,0.596,0.596)
299;-0.8532043855172293;1;17.291616465790582;RGB(0.598,0.598,0.598)
300;-0.022096619278683942;1;17.320508075688775;RGB(0.6,0.6,0.6)
301;0.8293266768209027;1;17.349351572897472;RGB(0.602,0.602,0.602)
302;0.9182708508872743;1;17.378147196982766;RGB(0.604,0.604,0.604)
303;0.1629610394708834;1;17.406895185529212;RGB(0.606,0.606,0.606)
304;-0.7421744001016999;1;17.435595774162696;RGB(0.608,0.608,0.608)
305;-0.9649581189333869;1;17.46424919657298;RGB(0.61,0.61,0.61)
306;-0.3005637933500832;1;17.4928556845359;RGB(0.612,0.612,0.612)
307;0.6401674977183369;1;17.52141546793523;RGB(0.614,0.614,0.614)
308;0.9923317436681922;1;17.549928774784245;RGB(0.616,0.616,0.616)
309;0.43215076086181514;1;17.578395831246947;RGB(0.618,0.618,0.618)
310;-0.5253476385155728;1;17.60681686165901;RGB(0.62,0.62,0.62)
311;-0.9998438418065069;1;17.635192088548397;RGB(0.622,0.622,0.622)
312;-0.5550882279566577;1;17.663521732655695;RGB(0.624,0.624,0.624)
313;0.4000129427560235;1;17.69180601295413;RGB(0.626,0.626,0.626)
314;0.987344058653017;1;17.72004514666935;RGB(0.628,0.628,0.628)
315;0.6669156003948422;1;17.74823934929885;RGB(0.63,0.63,0.63)
316;-0.2666719852274808;1;17.776388834631177;RGB(0.632,0.632,0.632)
317;-0.955082577452527;1;17.804493814764857;RGB(0.634,0.634,0.634)
318;-0.7653946525566921;1;17.832554500127006;RGB(0.636,0.636,0.636)
319;0.12799358610147818;1;17.86057109949175;RGB(0.638,0.638,0.638)
320;0.903705111970614;1;17.88854381999832;RGB(0.64,0.64,0.64)
321;0.8485543255436181;1;17.916472867168917;RGB(0.642,0.642,0.642)
322;0.01324660552058789;1;17.944358444926362;RGB(0.644,0.644,0.644)
323;-0.8342399825282196;1;17.97220075561143;RGB(0.646,0.646,0.646)
324;-0.9147301779353751;1;18;RGB(0.648,0.648,0.648)
325;-0.15422166624309427;1;18.027756377319946;RGB(0.65,0.65,0.65)
326;0.7480775341634341;1;18.05547008526779;RGB(0.652,0.652,0.652)
327;0.9625976995964054;1;18.083141320025124;RGB(0.654,0.654,0.654)
328;0.2921099792671752;1;18.110770276274835;RGB(0.656,0.656,0.656)
329;-0.6469423088661069;1;18.138357147217054;RGB(0.658,0.658,0.658)
330;-0.9911988217552068;1;18.16590212458495;RGB(0.66,0.66,0.66)
331;-0.424151709070136;1;18.193405398660254;RGB(0.662,0.662,0.662)
332;0.5328585288581931;1;18.2208671582886;RGB(0.664,0.664,0.664)
333;0.9999610927573088;1;18.24828759089466;RGB(0.666,0.666,0.666)
334;0.5477040395322044;1;18.275666882497067;RGB(0.668,0.668,0.668)
335;-0.40810958177221934;1;18.303005217723125;RGB(0.67,0.67,0.67)
336;-0.9887091356890289;1;18.33030277982336;RGB(0.672,0.672,0.672)
337;-0.660294069919136;1;18.35755975068582;RGB(0.674,0.674,0.674)
338;0.2751923186322931;1;18.384776310850235;RGB(0.676,0.676,0.676)
339;0.9576681585475916;1;18.411952639521967;RGB(0.678,0.678,0.678)
340;0.7596683100072248;1;18.439088914585774;RGB(0.68,0.68,0.68)
341;-0.13676707936387883;1;18.466185312619388;RGB(0.682,0.682,0.682)
342;-0.907459446701534;1;18.49324200890693;RGB(0.684,0.684,0.684)
343;-0.8438377837054513;1;18.520259177452136;RGB(0.686,0.686,0.686)
344;-0.004395553927897717;1;18.547236990991408;RGB(0.688,0.688,0.688)
345;0.8390879278598296;1;18.57417562100671;RGB(0.69,0.69,0.69)
346;0.911117838425468;1;18.601075237738275;RGB(0.692,0.692,0.692)
347;0.14547021017792156;1;18.627936010197157;RGB(0.694,0.694,0.694)
348;-0.7539220584369601;1;18.65475810617763;RGB(0.696,0.696,0.696)
349;-0.9601618634146094;1;18.681541692269406;RGB(0.698,0.698,0.698)
350;-0.28363327918216646;1;18.708286933869708;RGB(0.7,0.7,0.7)
351;0.6536664338884767;1;18.734993995195193;RGB(0.702,0.702,0.702)
352;0.9899882421792622;1;18.76166303929372;RGB(0.704,0.704,0.704)
353;0.4161194261751267;1;18.788294228055936;RGB(0.706,0.706,0.706)
354;-0.540327671221366;1;18.81488772222678;RGB(0.708,0.708,0.708)
355;-0.999999999545659;1;18.841443681416774;RGB(0.71,0.71,0.71)
356;-0.5402769400239504;1;18.867962264113206;RGB(0.712,0.712,0.712)
357;0.4161742465410129;1;18.894443627691185;RGB(0.714,0.714,0.714)
358;0.9899967501220404;1;18.920887928424502;RGB(0.716,0.716,0.716)
359;0.6536208072447929;1;18.947295321496416;RGB(0.718,0.718,0.718)
360;-0.2836910914865273;1;18.973665961010276;RGB(0.72,0.72,0.72)
361;-0.9601787090136331;1;19;RGB(0.722,0.722,0.722)
362;-0.7538824495645917;1;19.026297590440446;RGB(0.724,0.724,0.724)
363;0.14552985730709223;1;19.05255888325765;RGB(0.726,0.726,0.726)
364;0.9111426845159583;1;19.078784028338912;RGB(0.728,0.728,0.728)
365;0.8390551295306261;1;19.1049731745428;RGB(0.73,0.73,0.73)
366;-0.004455842044182302;1;19.131126469708992;RGB(0.732,0.732,0.732)
367;-0.8438701329927379;1;19.157244060668017;RGB(0.734,0.734,0.734)
368;-0.9074341153742778;1;19.183326093250876;RGB(0.736,0.736,0.736)
369;-0.1367073569275377;1;19.209372712298546;RGB(0.738,0.738,0.738)
370;0.7597075150201029;1;19.235384061671343;RGB(0.74,0.74,0.74)
371;0.9576508012289697;1;19.261360284258224;RGB(0.742,0.742,0.742)
372;0.27513435722086477;1;19.28730152198591;RGB(0.744,0.744,0.744)
373;-0.6603393459690063;1;19.313207915827967;RGB(0.746,0.746,0.746)
374;-0.9887000997858916;1;19.339079605813716;RGB(0.748,0.748,0.748)
375;-0.40805454148374776;1;19.364916731037084;RGB(0.75,0.75,0.75)
376;0.5477544804186207;1;19.390719429665317;RGB(0.752,0.752,0.752)
377;0.9999605591233189;1;19.4164878389476;RGB(0.754,0.754,0.754)
378;0.5328075113244262;1;19.44222209522358;RGB(0.756,0.756,0.756)
379;-0.42420630521841407;1;19.467922333931785;RGB(0.758,0.758,0.758)
380;-0.9912068010710522;1;19.493588689617926;RGB(0.76,0.76,0.76)
381;-0.6468963352033299;1;19.519221295943137;RGB(0.762,0.762,0.762)
382;0.29216763793503586;1;19.544820285692065;RGB(0.764,0.764,0.764)
383;0.9626140321560251;1;19.570385790780925;RGB(0.766,0.766,0.766)
384;0.7480375245348201;1;19.595917942265423;RGB(0.768,0.768,0.768)
385;-0.1542812333919083;1;19.621416870348583;RGB(0.77,0.77,0.77)
386;-0.9147545368424774;1;19.6468827043885;RGB(0.772,0.772,0.772)
387;-0.8342067377267571;1;19.672315572906;RGB(0.774,0.774,0.774)
388;0.013306888913466725;1;19.697715603592208;RGB(0.776,0.776,0.776)
389;0.8485862232545117;1;19.72308292331602;RGB(0.778,0.778,0.778)
390;0.9036792973912307;1;19.748417658131498;RGB(0.78,0.78,0.78)
391;0.12793379303705288;1;19.77371993328519;RGB(0.782,0.782,0.782)
392;-0.7654334506384766;1;19.79898987322333;RGB(0.784,0.784,0.784)
393;-0.9550647097742044;1;19.82422760159901;RGB(0.786,0.786,0.786)
394;-0.26661387925010005;1;19.849433241279208;RGB(0.788,0.788,0.788)
395;0.6669605223036468;1;19.87460691435179;RGB(0.79,0.79,0.79)
396;0.9873344954974584;1;19.8997487421324;RGB(0.792,0.792,0.792)
397;0.3999576868572196;1;19.924858845171276;RGB(0.794,0.794,0.794)
398;-0.5551383745801722;1;19.949937343260004;RGB(0.796,0.796,0.796)
399;-0.9998427745803359;1;19.974984355438178;RGB(0.798,0.798,0.798)
400;-0.525296338642536;1;20;RGB(0.8,0.8,0.8)
401;0.4322051285150291;1;20.024984394500787;RGB(0.802,0.802,0.802)
402;0.9923391937319478;1;20.049937655763422;RGB(0.804,0.804,0.804)
403;0.6401211806383749;1;20.074859899884732;RGB(0.806,0.806,0.806)
404;-0.3006212938640479;1;20.09975124224178;RGB(0.808,0.808,0.808)
405;-0.9649739371739923;1;20.12461179749811;RGB(0.81,0.81,0.81)
406;-0.742133992851483;1;20.149441679609886;RGB(0.812,0.812,0.812)
407;0.16302052197242078;1;20.174241001832016;RGB(0.814,0.814,0.814)
408;0.9182947207025364;1;20.199009876724155;RGB(0.816,0.816,0.816)
409;0.8292929881518187;1;20.223748416156685;RGB(0.818,0.818,0.818)
410;-0.022156893225121342;1;20.248456731316587;RGB(0.82,0.82,0.82)
411;-0.8532358291526332;1;20.273134932713294;RGB(0.822,0.822,0.822)
412;-0.8998536786558422;1;20.29778313018444;RGB(0.824,0.824,0.824)
413;-0.11915020589072603;1;20.322401432901575;RGB(0.826,0.826,0.826)
414;0.7710994166809966;1;20.346989949375804;RGB(0.828,0.828,0.828)
415;0.9524037916633658;1;20.37154878746336;RGB(0.83,0.83,0.83)
416;0.25807251282555527;1;20.396078054371138;RGB(0.832,0.832,0.832)
417;-0.6735294441417006;1;20.42057785666214;RGB(0.834,0.834,0.834)
418;-0.9858915363052498;1;20.445048300260872;RGB(0.836,0.836,0.836)
419;-0.39182949666151784;1;20.46948949045872;RGB(0.838,0.838,0.838)
420;0.5624787751985085;1;20.493901531919196;RGB(0.84,0.84,0.84)
421;0.9996466551448001;1;20.518284528683193;RGB(0.842,0.842,0.842)
422;0.5177440104577087;1;20.54263858417414;RGB(0.844,0.844,0.844)
423;-0.44017008974536365;1;20.566963801203133;RGB(0.846,0.846,0.846)
424;-0.9933938393849207;1;20.591260281974;RGB(0.848,0.848,0.848)
425;-0.6332958743643904;1;20.615528128088304;RGB(0.85,0.85,0.85)
426;0.3090513969532009;1;20.639767440550294;RGB(0.852,0.852,0.852)
427;0.9672582391755589;1;20.663978319771825;RGB(0.854,0.854,0.854)
428;0.7361723170398212;1;20.688160865577203;RGB(0.856,0.856,0.856)
429;-0.17174703834974567;1;20.71231517720798;RGB(0.858,0.858,0.858)
430;-0.9217629587326039;1;20.73644135332772;RGB(0.86,0.86,0.86)
431;-0.824314265784384;1;20.760539492026695;RGB(0.862,0.862,0.862)
432;0.03100516160599342;1;20.784609690826528;RGB(0.864,0.864,0.864)
433;0.8578185864034491;1;20.808652046684813;RGB(0.866,0.866,0.866)
434;0.8959575588946699;1;20.83266665599966;RGB(0.868,0.868,0.868)
435;0.11035728365811025;1;20.85665361461421;RGB(0.87,0.87,0.87)
436;-0.7767049692350272;1;20.8806130178211;RGB(0.872,0.872,0.872)
437;-0.9496682553719656;1;20.904544960366874;RGB(0.874,0.874,0.874)
438;-0.24951092713946563;1;20.92844953645635;RGB(0.876,0.876,0.876)
439;0.6800455968264643;1;20.952326839756964;RGB(0.878,0.878,0.878)
440;0.9843713352610934;1;20.97617696340303;RGB(0.88,0.88,0.88)
441;0.3836706077176726;1;21;RGB(0.882,0.882,0.882)
442;-0.5697751071737155;1;21.02379604162864;RGB(0.884,0.884,0.884)
443;-0.9993722161821225;1;21.047565179849187;RGB(0.886,0.886,0.886)
444;-0.510151118473792;1;21.071307505705477;RGB(0.888,0.888,0.888)
445;0.44810056487692174;1;21.095023109728988;RGB(0.89,0.89,0.89)
446;0.9943706554014256;1;21.118712081942874;RGB(0.892,0.892,0.892)
447;0.6264209511250854;1;21.142374511865974;RGB(0.894,0.894,0.894)
448;-0.3174572867274317;1;21.166010488516726;RGB(0.896,0.896,0.896)
449;-0.9694667591920345;1;21.18962010041709;RGB(0.898,0.898,0.898)
450;-0.7301529641805058;1;21.213203435596427;RGB(0.9,0.9,0.9)
451;0.18046009882566544;1;21.236760581595302;RGB(0.902,0.902,0.902)
452;0.9251589792059046;1;21.2602916254693;RGB(0.904,0.904,0.904)
453;0.8192709606934638;1;21.283796653792763;RGB(0.906,0.906,0.906)
454;-0.03985100081893557;1;21.307275752662516;RGB(0.908,0.908,0.908)
455;-0.8623341359607118;1;21.330729007701542;RGB(0.91,0.91,0.91)
456;-0.8919912433578294;1;21.354156504062622;RGB(0.912,0.912,0.912)
457;-0.1015557152401366;1;21.37755832643195;RGB(0.914,0.914,0.914)
458;0.7822496691211616;1;21.400934559032695;RGB(0.916,0.916,0.916)
459;0.9468583152216423;1;21.42428528562855;RGB(0.918,0.918,0.918)
460;0.24092979296818903;1;21.447610589527216;RGB(0.92,0.92,0.92)
461;-0.6865084698355503;1;21.470910553583888;RGB(0.922,0.922,0.922)
462;-0.9827740114685011;1;21.494185260204677;RGB(0.924,0.924,0.924)
463;-0.3754816592518752;1;21.517434791350013;RGB(0.926,0.926,0.926)
464;0.5770267988585345;1;21.540659228538015;RGB(0.928,0.928,0.928)
465;0.99901947919383;1;21.563858652847824;RGB(0.93,0.93,0.93)
466;0.5025182575726944;1;21.587033144922902;RGB(0.932,0.932,0.932)
467;-0.45599593257909704;1;21.61018278497431;RGB(0.934,0.934,0.934)
468;-0.9952695652506521;1;21.633307652783937;RGB(0.936,0.936,0.936)
469;-0.6194969495515196;1;21.656407827707714;RGB(0.938,0.938,0.938)
470;0.3258383046087229;1;21.6794833886788;RGB(0.94,0.94,0.94)
471;0.9715993241920361;1;21.702534414210707;RGB(0.942,0.942,0.942)
472;0.7240764058730438;1;21.72556098240043;RGB(0.944,0.944,0.944)
473;-0.18915902075619492;1;21.748563170931547;RGB(0.946,0.946,0.946)
474;-0.9284825160537067;1;21.77154105707724;RGB(0.948,0.948,0.948)
475;-0.8141634680079446;1;21.79449471770337;RGB(0.95,0.95,0.95)
476;0.048693717817118926;1;21.817424229271428;RGB(0.952,0.952,0.952)
477;0.8667821240437084;1;21.840329667841555;RGB(0.954,0.954,0.954)
478;0.8879550427950801;1;21.863211109075447;RGB(0.956,0.956,0.956)
479;0.0927461902151406;1;21.88606862823929;RGB(0.958,0.958,0.958)
480;-0.7877330819276289;1;21.908902300206645;RGB(0.96,0.96,0.96)
481;-0.9439741913633689;1;21.93171219946131;RGB(0.962,0.962,0.962)
482;-0.23232978261965265;1;21.95449840010015;RGB(0.964,0.964,0.964)
483;0.692917556820885;1;21.97726097583591;RGB(0.966,0.966,0.966)
484;0.9810996900733364;1;22;RGB(0.968,0.968,0.968)
485;0.36726329284539677;1;22.02271554554524;RGB(0.97,0.97,0.97)
486;-0.584233282103149;1;22.045407685048602;RGB(0.972,0.972,0.972)
487;-0.9985884718158823;1;22.06807649071391;RGB(0.974,0.974,0.974)
488;-0.49484602576777714;1;22.090722034374522;RGB(0.976,0.976,0.976)
489;0.46385557427185253;1;22.11334438749598;RGB(0.978,0.978,0.978)
490;0.9960904985055212;1;22.135943621178654;RGB(0.98,0.98,0.98)
491;0.6125244121199033;1;22.15851980616034;RGB(0.982,0.982,0.982)
492;-0.3341937939677003;1;22.181073012818835;RGB(0.984,0.984,0.984)
493;-0.9736557670950443;1;22.20360331117452;RGB(0.986,0.986,0.986)
494;-0.7179431181988293;1;22.22611077089287;RGB(0.988,0.988,0.988)
495;0.19784312260506456;1;22.24859546128699;RGB(0.99,0.99,0.99)
496;0.9317333088861682;1;22.271057451320086;RGB(0.992,0.992,0.992)
497;0.8089921878856322;1;22.293496809607955;RGB(0.994,0.994,0.994)
498;-0.05753261979833144;1;22.315913604421397;RGB(0.996,0.996,0.996)
499;-0.8711622021649791;1;22.338307903688676;RGB(0.998,0.998,0.998)